"Rank","Club","Country","Level","Elo","From","To"
"1","Liverpool","ENG",1,2001.8215332,"2024-12-27","2024-12-29"
"2","Inter","ITA",1,1990.84606934,"2024-12-24","2024-12-28"
"3","Arsenal","ENG",1,1985.33520508,"2024-12-28","2024-12-31"
"4","Real Madrid","ESP",1,1949.76184082,"2024-12-23","2024-12-31"
"5","Man City","ENG",1,1936.16235352,"2024-12-27","2024-12-29"
"6","Atalanta","ITA",1,1921.31152344,"2024-12-23","2024-12-28"
"7","Leverkusen","GER",1,1906.35351562,"2024-12-22","2024-12-31"
"8","Bayern","GER",1,1903.53625488,"2024-12-22","2024-12-31"
"9","Paris SG","FRA",1,1900.93969727,"2024-12-22","2024-12-31"
"10","Barcelona","ESP",1,1892.0892334,"2024-12-27","2024-12-31"
"11","Chelsea","ENG",1,1883.69445801,"2024-12-27","2024-12-30"
"12","Atletico","ESP",1,1865.86779785,"2024-12-22","2024-12-30"
"13","Juventus","ITA",1,1863.14038086,"2024-12-23","2024-12-29"
"14","Milan","ITA",1,1840.24963379,"2024-12-21","2024-12-29"
"15","Napoli","ITA",1,1833.14099121,"2024-12-22","2024-12-29"
"16","Newcastle","ENG",1,1829.3157959,"2024-12-27","2024-12-28"
"17","Lazio","ITA",1,1828.20593262,"2024-12-27","2024-12-28"
"18","Sporting","POR",1,1821.28918457,"2024-12-27","2024-12-29"
"19","PSV","NED",1,1816.71459961,"2024-12-23","2024-12-31"
"20","Lille","FRA",1,1815.86340332,"2024-12-22","2024-12-31"
"21","Dortmund","GER",1,1815.07165527,"2024-12-23","2024-12-31"
"22","Bilbao","ESP",1,1810.31091309,"2024-12-27","2024-12-31"
"23","Tottenham","ENG",1,1804.48583984,"2024-12-27","2024-12-29"
"24","Aston Villa","ENG",1,1802.54943848,"2024-12-27","2024-12-29"
"25","Benfica","POR",1,1797.92248535,"2024-12-24","2024-12-29"
"26","Porto","POR",1,1790.1619873,"2024-12-24","2024-12-28"
"27","Fiorentina","ITA",1,1786.5534668,"2024-12-24","2024-12-29"
"28","Bologna","ITA",1,1782.15917969,"2024-12-23","2024-12-30"
"29","Fulham","ENG",1,1773.47399902,"2024-12-27","2024-12-29"
"30","Bournemouth","ENG",1,1771.82910156,"2024-12-27","2024-12-29"
"31","Monaco","FRA",1,1771.27490234,"2024-12-23","2024-12-30"
"32","Man United","ENG",1,1767.69006348,"2024-12-27","2024-12-30"
"33","Marseille","FRA",1,1764.66650391,"2024-12-27","2024-12-29"
"34","Roma","ITA",1,1754.20727539,"2024-12-23","2024-12-29"
"35","Crystal Palace","ENG",1,1753.85998535,"2024-12-27","2024-12-29"
"36","Forest","ENG",1,1753.67858887,"2024-12-27","2024-12-29"
"37","Lyon","FRA",1,1750.54736328,"2024-12-28","2024-12-30"
"38","RB Leipzig","GER",1,1750.37084961,"2024-12-28","2024-12-30"
"39","Brighton","ENG",1,1750.12683105,"2024-12-28","2024-12-30"
"40","Feyenoord","NED",1,1748.09375,"2024-12-27","2024-12-31"
"41","Stuttgart","GER",1,1743.98120117,"2024-12-22","2024-12-31"
"42","Brugge","BEL",1,1739.70080566,"2024-12-27","2024-12-31"
"43","West Ham","ENG",1,1739.24890137,"2024-12-27","2024-12-29"
"44","Villarreal","ESP",1,1737.39111328,"2024-12-27","2024-12-29"
"45","Sociedad","ESP",1,1736.19055176,"2024-12-27","2024-12-29"
"46","Brentford","ENG",1,1734.68359375,"2024-12-28","2024-12-29"
"47","Everton","ENG",1,1722.28210449,"2024-12-27","2024-12-29"
"48","Lens","FRA",1,1719.2232666,"2024-12-27","2024-12-29"
"49","Frankfurt","GER",1,1718.16870117,"2024-12-27","2024-12-29"
"50","Girona","ESP",1,1717.32397461,"2024-12-27","2024-12-29"
"51","Galatasaray","TUR",1,1714.02648926,"2024-12-23","2024-12-29"
"52","Torino","ITA",1,1713.1628418,"2024-12-23","2024-12-29"
"53","Brest","FRA",1,1710.02697754,"2024-12-16","2024-12-29"
"54","Mainz","GER",1,1709.29589844,"2024-12-22","2024-12-31"
"55","Celtic","SCO",1,1702.16564941,"2024-12-27","2024-12-29"
"56","Slavia Praha","CZE",1,1696.82727051,"2024-12-22","2024-12-31"
"57","Wolves","ENG",1,1682.07531738,"2024-12-27","2024-12-28"
"58","Betis","ESP",1,1681.00146484,"2024-12-27","2024-12-28"
"59","Werder","GER",1,1678.71411133,"2024-12-27","2024-12-28"
"60","Ajax","NED",1,1678.3137207,"2024-12-27","2024-12-28"
"61","Udinese","ITA",1,1675.60961914,"2024-12-27","2024-12-28"
"62","Fenerbahce","TUR",1,1675.58837891,"2024-12-27","2024-12-28"
"63","Freiburg","GER",1,1673.98876953,"2024-12-27","2024-12-28"
"64","Genoa","ITA",1,1673.78601074,"2024-12-27","2024-12-28"
"65","St Gillis","BEL",1,1672.55651855,"2024-12-27","2024-12-31"
"66","Nice","FRA",1,1671.20947266,"2024-12-27","2024-12-31"
"67","Gladbach","GER",1,1663.31665039,"2024-12-28","2024-12-31"
"68","Mallorca","ESP",1,1663.12963867,"2024-12-28","2024-12-31"
"69","Empoli","ITA",1,1662.33508301,"2024-12-28","2024-12-28"
"70","Toulouse","FRA",1,1662.26672363,"2024-12-28","2024-12-28"
"71","Rennes","FRA",1,1661.25073242,"2024-12-28","2024-12-28"
"72","Burnley","ENG",2,1660.97436523,"2024-12-28","2024-12-28"
"73","Wolfsburg","GER",1,1660.85766602,"2024-12-28","2024-12-28"
"74","Osasuna","ESP",1,1660.63745117,"2024-12-28","2024-12-28"
"75","Sevilla","ESP",1,1657.78125,"2024-12-28","2024-12-28"
"76","Celta","ESP",1,1655.64904785,"2024-12-28","2024-12-28"
"77","Leeds","ENG",2,1655.60522461,"2024-12-28","2024-12-28"
"78","Anderlecht","BEL",1,1655.3894043,"2024-12-28","2024-12-28"
"79","Reims","FRA",1,1650.95837402,"2024-12-27","2024-12-31"
"80","Olympiakos","GRE",1,1638.91162109,"2024-12-27","2024-12-31"
"81","Braga","POR",1,1638.54931641,"2024-12-27","2024-12-29"
"82","Monza","ITA",1,1638.52661133,"2024-12-27","2024-12-28"
"83","Zenit","RUS",1,1634.92004395,"2024-12-27","2024-12-28"
"84","Sassuolo","ITA",2,1632.1862793,"2024-12-27","2024-12-28"
"85","Rayo Vallecano","ESP",1,1631.42919922,"2024-12-27","2024-12-28"
"86","Leicester","ENG",1,1631.34838867,"2024-12-27","2024-12-28"
"87","Genk","BEL",1,1629.46069336,"2024-12-27","2024-12-29"
"88","Sparta Praha","CZE",1,1624.62243652,"2024-12-27","2024-12-31"
"89","Strasbourg","FRA",1,1621.11376953,"2024-12-27","2024-12-30"
"90","Alaves","ESP",1,1618.25793457,"2024-12-27","2024-12-30"
"91","Union Berlin","GER",1,1616.83251953,"2024-12-27","2024-12-30"
"92","Rangers","SCO",1,1616.07495117,"2024-12-27","2024-12-29"
"93","Twente","NED",1,1614.98486328,"2024-12-27","2024-12-29"
"94","Las Palmas","ESP",1,1614.47460938,"2024-12-27","2024-12-29"
"95","Lecce","ITA",1,1614.12768555,"2024-12-27","2024-12-29"
"96","Viktoria Plzen","CZE",1,1613.38061523,"2024-12-27","2024-12-29"
"97","Hoffenheim","GER",1,1613.27770996,"2024-12-27","2024-12-29"
"98","Valencia","ESP",1,1612.65710449,"2024-12-27","2024-12-29"
"99","Crvena Zvezda","SRB",1,1612.23632812,"2024-12-27","2024-12-29"
"100","Verona","ITA",1,1610.78466797,"2024-12-27","2024-12-29"
"None","Alkmaar","NED",1,1610.66149902,"2024-12-23","2024-12-29"
"None","Auxerre","FRA",1,1609.45129395,"2024-12-15","2024-12-31"
"None","Getafe","ESP",1,1608.5324707,"2024-12-22","2024-12-31"
"None","Sheffield United","ENG",2,1604.46191406,"2024-12-27","2024-12-29"
"None","Cagliari","ITA",1,1600.62451172,"2024-12-23","2024-12-28"
"None","Guimaraes","POR",1,1599.6595459,"2024-12-24","2024-12-29"
"None","FC Krasnodar","RUS",1,1595.18713379,"2024-12-09","2024-12-31"
"None","Spartak Moskva","RUS",1,1590.59326172,"2024-12-08","2024-12-31"
"None","Parma","ITA",1,1590.46105957,"2024-12-23","2024-12-28"
"None","Antwerp","BEL",1,1589.61425781,"2024-12-27","2024-12-31"
"None","Ipswich","ENG",1,1586.19128418,"2024-12-28","2024-12-30"
"None","Augsburg","GER",1,1585.06091309,"2024-12-22","2024-12-31"
"None","Montpellier","FRA",1,1584.84143066,"2024-12-16","2024-12-31"
"None","PAOK","GRE",1,1584.82446289,"2024-12-23","2024-12-31"
"None","Sturm Graz","AUT",1,1584.32507324,"2024-12-20","2024-12-31"
"None","Gent","BEL",1,1583.52209473,"2024-12-27","2024-12-31"
"None","Bodoe Glimt","NOR",1,1582.45214844,"2024-12-20","2024-12-31"
"None","Lorient","FRA",2,1582.41320801,"2024-12-15","2024-12-31"
"None","FC Kobenhavn","DEN",1,1581.38916016,"2024-12-20","2024-12-31"
"None","St Pauli","GER",1,1578.01696777,"2024-12-22","2024-12-31"
"None","Almeria","ESP",2,1576.32495117,"2024-12-23","2024-12-31"
"None","Como","ITA",1,1575.92102051,"2024-12-24","2024-12-30"
"None","Espanyol","ESP",1,1574.23815918,"2024-12-23","2024-12-31"
"None","Venezia","ITA",1,1572.96923828,"2024-12-23","2024-12-29"
"None","Leganes","ESP",1,1572.94177246,"2024-12-23","2024-12-31"
"None","Southampton","ENG",1,1572.00146484,"2024-12-27","2024-12-29"
"None","Koeln","GER",2,1569.69934082,"2024-12-23","2024-12-31"
"None","AEK","GRE",1,1561.48083496,"2024-12-23","2024-12-31"
"None","Midtjylland","DEN",1,1559.75537109,"2024-12-20","2024-12-31"
"None","Utrecht","NED",1,1559.13220215,"2024-12-23","2024-12-31"
"None","Heidenheim","GER",1,1558.4029541,"2024-12-23","2024-12-31"
"None","Salzburg","AUT",1,1556.88085938,"2024-12-20","2024-12-31"
"None","Dynamo Moskva","RUS",1,1552.93725586,"2024-12-09","2024-12-31"
"None","Middlesbrough","ENG",2,1551.92932129,"2024-12-27","2024-12-29"
"None","West Brom","ENG",2,1551.39453125,"2024-12-27","2024-12-29"
"None","Panathinaikos","GRE",1,1550.95605469,"2024-12-23","2024-12-31"
"None","Spezia","ITA",2,1550.54711914,"2024-12-27","2024-12-29"
"None","Brondby","DEN",1,1548.23352051,"2024-12-20","2024-12-31"
"None","Hamburg","GER",2,1548.15368652,"2024-12-22","2024-12-31"
"None","Nantes","FRA",1,1547.92626953,"2024-12-16","2024-12-31"
"None","Lok Moskva","RUS",1,1547.65649414,"2024-12-09","2024-12-31"
"None","Elche","ESP",2,1547.5579834,"2024-12-23","2024-12-31"
"None","Valladolid","ESP",1,1547.41723633,"2024-12-21","2024-12-31"
"None","Levante","ESP",2,1547.10961914,"2024-12-23","2024-12-31"
"None","CSKA Moskva","RUS",1,1546.19458008,"2024-12-09","2024-12-31"
"None","Metz","FRA",2,1543.74560547,"2024-12-15","2024-12-31"
"None","Oviedo","ESP",2,1543.72668457,"2024-12-22","2024-12-31"
"None","Maccabi Haifa","ISR",1,1543.30407715,"2024-12-13","2024-12-31"
"None","Nordsjaelland","DEN",1,1541.03308105,"2024-12-20","2024-12-31"
"None","Sunderland","ENG",2,1540.89990234,"2024-12-27","2024-12-29"
"None","Shakhtar","UKR",1,1539.86889648,"2024-12-16","2024-12-31"
"None","Granada","ESP",2,1539.22509766,"2024-12-22","2024-12-31"
"None","Cremonese","ITA",2,1536.1965332,"2024-12-27","2024-12-29"
"None","M Tel Aviv","ISR",1,1534.82897949,"2024-12-17","2024-12-31"
"None","Razgrad","BUL",1,1534.09570312,"2024-12-20","2024-12-31"
"None","Bochum","GER",1,1532.21777344,"2024-12-23","2024-12-31"
"None","Pisa","ITA",2,1531.42895508,"2024-12-27","2024-12-29"
"None","Dinamo Zagreb","CRO",1,1528.93554688,"2024-12-23","2024-12-31"
"None","Mechelen","BEL",1,1527.90234375,"2024-12-27","2024-12-31"
"None","Cercle Brugge","BEL",1,1527.42810059,"2024-12-28","2024-12-31"
"None","Huesca","ESP",2,1524.89819336,"2024-12-23","2024-12-31"
"None","Karabakh Agdam","AZE",0,1524.88903809,"2024-12-13","2024-12-31"
"None","Malmoe","SWE",1,1524.77526855,"2024-12-20","2024-12-31"
"None","Duesseldorf","GER",2,1523.68701172,"2024-12-21","2024-12-31"
"None","Santander","ESP",2,1521.99621582,"2024-12-23","2024-12-31"
"None","Mirandes","ESP",2,1521.33325195,"2024-12-23","2024-12-31"
"None","Holstein","GER",1,1517.85742188,"2024-12-22","2024-12-31"
"None","Paris FC","FRA",2,1517.69750977,"2024-12-15","2024-12-31"
"None","Frosinone","ITA",2,1517.33874512,"2024-12-27","2024-12-29"
"None","Blackburn","ENG",2,1515.97094727,"2024-12-27","2024-12-29"
"None","Legia","POL",1,1515.83227539,"2024-12-20","2024-12-31"
"None","Le Havre","FRA",1,1515.55493164,"2024-12-16","2024-12-31"
"None","Watford","ENG",2,1515.30871582,"2024-12-27","2024-12-29"
"None","Cadiz","ESP",2,1512.34313965,"2024-12-23","2024-12-31"
"None","Karlsruhe","GER",2,1509.25402832,"2024-12-22","2024-12-31"
"None","Norwich","ENG",2,1509.19067383,"2024-12-27","2024-12-29"
"None","Eibar","ESP",2,1506.42883301,"2024-12-22","2024-12-31"
"None","Lech","POL",1,1505.84863281,"2024-12-20","2024-12-31"
"None","Aarhus","DEN",1,1505.80749512,"2024-12-20","2024-12-31"
"None","Rakow","POL",1,1505.26831055,"2024-12-20","2024-12-31"
"None","Saint-Etienne","FRA",1,1505.02392578,"2024-12-14","2024-12-31"
"None","Famalicao","POR",1,1503.82861328,"2024-12-22","2024-12-30"
"None","Angers","FRA",1,1501.55371094,"2024-12-16","2024-12-31"
"None","Young Boys","SUI",1,1500.29248047,"2024-12-20","2024-12-31"
"None","Leuven","BEL",1,1500.26037598,"2024-12-28","2024-12-31"
"None","Ferencvaros","HUN",1,1498.55419922,"2024-12-16","2024-12-31"
"None","Molde","NOR",1,1497.55419922,"2024-12-20","2024-12-31"
"None","Brann","NOR",1,1496.36022949,"2024-12-20","2024-12-31"
"None","Moreirense","POR",1,1496.09570312,"2024-12-22","2024-12-28"
"None","Luton","ENG",2,1495.9798584,"2024-12-27","2024-12-29"
"None","Swansea","ENG",2,1495.79211426,"2024-12-27","2024-12-29"
"None","Charleroi","BEL",1,1494.21936035,"2024-12-27","2024-12-31"
"None","Gijon","ESP",2,1494.16296387,"2024-12-22","2024-12-31"
"None","Elfsborg","SWE",1,1494.00219727,"2024-12-20","2024-12-31"
"None","Rapid Wien","AUT",1,1493.77502441,"2024-12-20","2024-12-31"
"None","Coventry","ENG",2,1493.40075684,"2024-12-27","2024-12-29"
"None","Dynamo Kyiv","UKR",1,1492.94396973,"2024-12-17","2024-12-31"
"None","Paderborn","GER",2,1492.4296875,"2024-12-22","2024-12-31"
"None","Bristol City","ENG",2,1492.26843262,"2024-12-27","2024-12-29"
"None","Steaua","ROM",1,1491.6192627,"2024-12-24","2024-12-31"
"None","Darmstadt","GER",2,1491.55200195,"2024-12-23","2024-12-31"
"None","Millwall","ENG",2,1488.66687012,"2024-12-27","2024-12-29"
"None","Sheffield Weds","ENG",2,1487.78393555,"2024-12-27","2024-12-29"
"None","Go Ahead Eagles","NED",1,1487.67871094,"2024-12-22","2024-12-31"
"None","Catanzaro","ITA",2,1486.86230469,"2024-12-27","2024-12-29"
"None","Banik Ostrava","CZE",1,1485.51330566,"2024-12-20","2024-12-31"
"None","Zaragoza","ESP",2,1484.91040039,"2024-12-22","2024-12-31"
"None","Jagiellonia","POL",1,1483.84094238,"2024-12-20","2024-12-31"
"None","Beer-Sheva","ISR",1,1480.49035645,"2024-12-15","2024-12-31"
"None","Hannover","GER",2,1479.97412109,"2024-12-23","2024-12-31"
"None","Sampdoria","ITA",2,1479.60644531,"2024-12-27","2024-12-29"
"None","Hammarby","SWE",1,1478.61486816,"2024-12-20","2024-12-31"
"None","Palermo","ITA",2,1478.39123535,"2024-12-27","2024-12-29"
"None","Clermont","FRA",2,1476.5838623,"2024-12-14","2024-12-31"
"None","Viking","NOR",1,1475.91125488,"2024-12-20","2024-12-31"
"None","Rostov","RUS",1,1474.72924805,"2024-12-08","2024-12-31"
"None","Randers","DEN",1,1473.6607666,"2024-12-20","2024-12-31"
"None","Hertha","GER",2,1472.30749512,"2024-12-23","2024-12-31"
"None","Albacete","ESP",2,1471.27685547,"2024-12-21","2024-12-31"
"None","Bueyueksehir","TUR",1,1470.81201172,"2024-12-24","2024-12-31"
"None","Austria Wien","AUT",1,1470.30871582,"2024-12-20","2024-12-31"
"None","Besiktas","TUR",1,1469.28015137,"2024-12-22","2024-12-31"
"None","St Truiden","BEL",1,1468.32519531,"2024-12-28","2024-12-31"
"None","Lugano","SUI",1,1468.12255859,"2024-12-20","2024-12-31"
"None","Malaga","ESP",2,1467.30895996,"2024-12-22","2024-12-31"
"None","Salernitana","ITA",2,1466.99719238,"2024-12-27","2024-12-29"
"None","Paphos","CYP",0,1466.84765625,"2024-12-20","2024-12-31"
"None","Bari","ITA",2,1466.15576172,"2024-12-27","2024-12-29"
"None","Hajduk","CRO",1,1465.68579102,"2024-12-23","2024-12-31"
"None","Casa Pia","POR",1,1465.49658203,"2024-12-21","2024-12-29"
"None","Rio Ave","POR",1,1464.56408691,"2024-12-24","2024-12-29"
"None","Djurgarden","SWE",1,1464.28564453,"2024-12-20","2024-12-31"
"None","Nijmegen","NED",1,1463.83679199,"2024-12-23","2024-12-31"
"None","Modena","ITA",2,1463.79345703,"2024-12-27","2024-12-29"
"None","Preston","ENG",2,1463.22973633,"2024-12-27","2024-12-29"
"None","Servette","SUI",1,1461.8326416,"2024-12-20","2024-12-31"
"None","Rodez","FRA",2,1461.76379395,"2024-12-14","2024-12-31"
"None","Schalke","GER",2,1460.61328125,"2024-12-21","2024-12-31"
"None","Standard","BEL",1,1459.71374512,"2024-12-27","2024-12-31"
"None","Westerlo","BEL",1,1459.63049316,"2024-12-27","2024-12-31"
"None","Gil Vicente","POR",1,1459.16821289,"2024-12-28","2024-12-31"
"None","QPR","ENG",2,1459.03381348,"2024-12-27","2024-12-29"
"None","Basel","SUI",1,1457.28552246,"2024-12-20","2024-12-31"
"None","Silkeborg","DEN",1,1455.90905762,"2024-12-20","2024-12-31"
"None","Trabzonspor","TUR",1,1455.86035156,"2024-12-23","2024-12-31"
"None","Arouca","POR",1,1455.07373047,"2024-12-28","2024-12-31"
"None","Juve Stabia","ITA",2,1454.43896484,"2024-12-27","2024-12-29"
"None","Rijeka","CRO",1,1453.1105957,"2024-12-23","2024-12-31"
"None","Burgos","ESP",2,1452.63916016,"2024-12-23","2024-12-31"
"None","Annecy","FRA",2,1452.36975098,"2024-12-15","2024-12-31"
"None","Rosenborg","NOR",1,1451.50866699,"2024-12-20","2024-12-31"
"None","Sittard","NED",1,1451.07287598,"2024-12-23","2024-12-31"
"None","Magdeburg","GER",2,1450.05883789,"2024-12-21","2024-12-31"
"None","Brescia","ITA",2,1449.20202637,"2024-12-27","2024-12-29"
"None","Santa Clara","POR",1,1449.09118652,"2024-12-23","2024-12-30"
"None","Lautern","GER",2,1448.24267578,"2024-12-23","2024-12-31"
"None","Omonia","CYP",0,1446.68115234,"2024-12-20","2024-12-31"
"None","Cosenza","ITA",2,1444.56713867,"2024-12-27","2024-12-29"
"None","Castellon","ESP",2,1444.50549316,"2024-12-23","2024-12-31"
"None","Guingamp","FRA",2,1444.25732422,"2024-12-14","2024-12-31"
"None","Mantova","ITA",2,1444.21911621,"2024-12-27","2024-12-29"
"None","Bastia","FRA",2,1444.18139648,"2024-12-14","2024-12-31"
"None","Hull","ENG",2,1443.7277832,"2024-12-27","2024-12-29"
"None","Depor","ESP",2,1443.56762695,"2024-12-23","2024-12-31"
"None","Gornik","POL",1,1443.27001953,"2024-12-20","2024-12-31"
"None","Cordoba","ESP",2,1443.26306152,"2024-12-22","2024-12-31"
"None","Carrarese","ITA",2,1442.08251953,"2024-12-27","2024-12-29"
"None","Cesena","ITA",2,1441.2109375,"2024-12-27","2024-12-29"
"None","Rubin Kazan","RUS",1,1441.09082031,"2024-12-08","2024-12-31"
"None","Pogon","POL",1,1440.96557617,"2024-12-20","2024-12-31"
"None","StGallen","SUI",1,1439.58618164,"2024-12-20","2024-12-31"
"None","Aris","GRE",1,1439.53027344,"2024-12-24","2024-12-31"
"None","Mlada Boleslav","CZE",1,1438.87548828,"2024-12-20","2024-12-31"
"None","Stoke","ENG",2,1438.72851562,"2024-12-27","2024-12-29"
"None","Larnaca","CYP",0,1438.69396973,"2024-12-20","2024-12-31"
"None","Derby","ENG",2,1436.65332031,"2024-12-27","2024-12-29"
"None","Elversberg","GER",2,1436.43103027,"2024-12-21","2024-12-31"
"None","Laval","FRA",2,1436.12158203,"2024-12-14","2024-12-31"
"None","Olimpija Ljubljana","SVN",1,1435.54675293,"2024-12-20","2024-12-31"
"None","CFR Cluj","ROM",1,1432.78979492,"2024-12-23","2024-12-31"
"None","APOEL","CYP",0,1432.52429199,"2024-12-20","2024-12-31"
"None","Sparta Rotterdam","NED",1,1430.42456055,"2024-12-23","2024-12-31"
"None","AIK","SWE",1,1429.11694336,"2024-12-20","2024-12-31"
"None","Jablonec","CZE",1,1426.62084961,"2024-12-20","2024-12-31"
"None","Viborg","DEN",1,1426.29760742,"2024-12-20","2024-12-31"
"None","Dender","BEL",1,1425.84350586,"2024-12-28","2024-12-31"
"None","Kasimpasa","TUR",1,1425.7298584,"2024-12-24","2024-12-31"
"None","Dunkerque","FRA",2,1424.1385498,"2024-12-17","2024-12-31"
"None","Reggiana","ITA",2,1423.46679688,"2024-12-27","2024-12-29"
"None","Amiens","FRA",2,1422.33105469,"2024-12-14","2024-12-31"
"None","Zuerich","SUI",1,1420.42419434,"2024-12-20","2024-12-31"
"None","Cracovia","POL",1,1420.09838867,"2024-12-20","2024-12-31"
"None","Tenerife","ESP",2,1418.71081543,"2024-12-23","2024-12-31"
"None","Heerenveen","NED",1,1418.42199707,"2024-12-22","2024-12-31"
"None","Lausanne","SUI",1,1418.40368652,"2024-12-20","2024-12-31"
"None","Samsunspor","TUR",1,1417.92211914,"2024-12-22","2024-12-31"
"None","Fuerth","GER",2,1417.83166504,"2024-12-22","2024-12-31"
"None","Alanyaspor","TUR",1,1417.34289551,"2024-12-22","2024-12-31"
"None","Cittadella","ITA",2,1416.83850098,"2024-12-27","2024-12-29"
"None","Piast Gliwice","POL",1,1416.47729492,"2024-12-20","2024-12-31"
"None","Eldense","ESP",2,1415.80310059,"2024-12-23","2024-12-31"
"None","Hradec Kralove","CZE",1,1415.11535645,"2024-12-20","2024-12-31"
"None","Slovan Bratislava","SLK",0,1414.15673828,"2024-12-12","2024-12-31"
"None","Caen","FRA",2,1413.67089844,"2024-12-17","2024-12-31"
"None","Ferrol","ESP",2,1413.23803711,"2024-12-22","2024-12-31"
"None","Portsmouth","ENG",2,1412.85791016,"2024-12-27","2024-12-29"
"None","Estoril","POR",1,1411.46813965,"2024-12-24","2024-12-28"
"None","Mjaellby","SWE",1,1411.22644043,"2024-12-20","2024-12-31"
"None","Troyes","FRA",2,1411.12976074,"2024-12-14","2024-12-31"
"None","Farense","POR",1,1410.7746582,"2024-12-22","2024-12-29"
"None","Wolfsberg","AUT",1,1410.50830078,"2024-12-20","2024-12-31"
"None","Haecken","SWE",1,1409.7755127,"2024-12-20","2024-12-31"
"None","Craiova","ROM",1,1409.53466797,"2024-12-22","2024-12-31"
"None","Pau","FRA",2,1408.60656738,"2024-12-14","2024-12-31"
"None","Suedtirol","ITA",2,1408.47583008,"2024-12-27","2024-12-29"
"None","Osijek","CRO",1,1408.36523438,"2024-12-21","2024-12-31"
"None","Nuernberg","GER",2,1407.63317871,"2024-12-22","2024-12-31"
"None","Puskas Akademia","HUN",1,1407.57226562,"2024-12-15","2024-12-31"
"None","LASK","AUT",1,1406.88574219,"2024-12-20","2024-12-31"
"None","Zwolle","NED",1,1404.4543457,"2024-12-21","2024-12-31"
"None","Slovan Liberec","CZE",1,1403.51611328,"2024-12-20","2024-12-31"
"None","Estrela Amadora","POR",1,1403.34204102,"2024-12-24","2024-12-28"
"None","Kryliya Sovetov","RUS",1,1402.77941895,"2024-12-08","2024-12-31"
"None","AVS Futebol","POR",1,1401.31140137,"2024-12-22","2024-12-28"
"None","Luzern","SUI",1,1397.10827637,"2024-12-20","2024-12-31"
"None","Boavista","POR",1,1396.24951172,"2024-12-22","2024-12-28"
"None","Sivasspor","TUR",1,1395.90393066,"2024-12-22","2024-12-31"
"None","Slovacko","CZE",1,1394.25817871,"2024-12-20","2024-12-31"
"None","Hartberg","AUT",1,1393.45861816,"2024-12-20","2024-12-31"
"None","Nacional","POR",1,1393.38427734,"2024-12-24","2024-12-29"
"None","Konyaspor","TUR",1,1391.54577637,"2024-12-20","2024-12-31"
"None","Cardiff","ENG",2,1391.03723145,"2024-12-27","2024-12-29"
"None","Goeztepe","TUR",1,1390.86035156,"2024-12-23","2024-12-31"
"None","Oxford","ENG",2,1388.50024414,"2024-12-27","2024-12-29"
"None","Cartagena","ESP",2,1387.39477539,"2024-12-21","2024-12-31"
"None","Plymouth","ENG",2,1387.33691406,"2024-12-27","2024-12-29"
"None","Eyupspor","TUR",1,1385.7989502,"2024-12-21","2024-12-31"
"None","Cherno More","BUL",1,1385.69384766,"2024-12-13","2024-12-31"
"None","Antalyaspor","TUR",1,1384.80822754,"2024-12-23","2024-12-31"
"None","Willem II","NED",1,1384.33862305,"2024-12-23","2024-12-31"
"None","Aberdeen","SCO",1,1384.10192871,"2024-12-27","2024-12-29"
"None","Sigma Olomouc","CZE",1,1383.27099609,"2024-12-20","2024-12-31"
"None","Grenoble","FRA",2,1382.06530762,"2024-12-15","2024-12-31"
"None","Trnava","SLK",0,1377.41955566,"2024-12-12","2024-12-31"
"None","Muenster","GER",2,1377.03710938,"2024-12-22","2024-12-31"
"None","Maribor","SVN",1,1376.85705566,"2024-12-20","2024-12-31"
"None","Sheriff Tiraspol","MOL",0,1376.75268555,"2024-12-20","2024-12-31"
"None","Ulm","GER",2,1374.2220459,"2024-12-22","2024-12-31"
"None","Terek Grozny","RUS",1,1373.49609375,"2024-12-09","2024-12-31"
"None","IK Sirius","SWE",1,1373.47631836,"2024-12-20","2024-12-31"
"None","Tromso","NOR",1,1372.58337402,"2024-12-20","2024-12-31"
"None","Gaziantep FK","TUR",1,1372.25415039,"2024-12-23","2024-12-31"
"None","Ruzomberok","SLK",0,1371.51733398,"2024-12-12","2024-12-31"
"None","Hapoel Haifa","ISR",1,1371.48376465,"2024-12-15","2024-12-31"
"None","Universitatea Cluj","ROM",1,1370.13391113,"2024-12-21","2024-12-31"
"None","Levski","BUL",1,1369.79492188,"2024-12-13","2024-12-31"
"None","Breda","NED",1,1368.90209961,"2024-12-22","2024-12-31"
"None","Sepsi","ROM",1,1368.02514648,"2024-12-21","2024-12-31"
"None","Fakel Voronezh","RUS",1,1367.53063965,"2024-12-09","2024-12-31"
"None","Fredrikstad","NOR",1,1367.21252441,"2024-12-20","2024-12-31"
"None","Ajaccio","FRA",2,1365.40783691,"2024-12-14","2024-12-31"
"None","Rapid Bucuresti","ROM",1,1365.07568359,"2024-12-23","2024-12-31"
"None","Hearts","SCO",1,1363.62744141,"2024-12-27","2024-12-29"
"None","Sion","SUI",1,1363.50854492,"2024-12-20","2024-12-31"
"None","Widzew","POL",1,1361.67919922,"2024-12-20","2024-12-31"
"None","Sarpsborg","NOR",1,1360.72314453,"2024-12-20","2024-12-31"
"None","Rizespor","TUR",1,1359.97949219,"2024-12-23","2024-12-31"
"None","Kortrijk","BEL",1,1359.63977051,"2024-12-27","2024-12-31"
"None","Celje","SVN",1,1359.25,"2024-12-20","2024-12-31"
"None","Teplice","CZE",1,1358.23083496,"2024-12-20","2024-12-31"
"None","Kilmarnock","SCO",1,1358.18029785,"2024-12-27","2024-12-29"
"None","Heracles","NED",1,1357.99401855,"2024-12-22","2024-12-31"
"None","Stromsgodset","NOR",1,1355.78063965,"2024-12-20","2024-12-31"
"None","Slask","POL",1,1354.75073242,"2024-12-20","2024-12-31"
"None","FK Astana","KAZ",0,1354.60595703,"2024-12-20","2024-12-31"
"None","Groningen","NED",1,1354.40344238,"2024-12-22","2024-12-31"
"None","Bohemians Praha","CZE",1,1353.70617676,"2024-12-20","2024-12-31"
"None","Orenburg","RUS",1,1353.33227539,"2024-12-09","2024-12-31"
"None","Lubin","POL",1,1352.9597168,"2024-12-20","2024-12-31"
"None","Red Star","FRA",2,1351.72619629,"2024-12-15","2024-12-31"
"None","Akron Togliatti","RUS",1,1349.65771484,"2024-12-08","2024-12-31"
"None","Braunschweig","GER",2,1348.46643066,"2024-12-22","2024-12-31"
"None","Beitar","ISR",1,1347.49987793,"2024-12-24","2024-12-31"
"None","Lok Zagreb","CRO",1,1347.11315918,"2024-12-22","2024-12-31"
"None","Stal Mielec","POL",1,1346.59838867,"2024-12-20","2024-12-31"
"None","Beerschot AC","BEL",1,1345.5045166,"2024-12-28","2024-12-31"
"None","Katowice","POL",1,1344.54675293,"2024-12-20","2024-12-31"
"None","Paksi","HUN",1,1344.28564453,"2024-12-15","2024-12-31"
"None","Partizan","SRB",1,1343.76477051,"2024-12-22","2024-12-31"
"None","Hibernian","SCO",1,1343.73754883,"2024-12-27","2024-12-29"
"None","BW Linz","AUT",1,1342.91113281,"2024-12-20","2024-12-31"
"None","Almere","NED",1,1341.90063477,"2024-12-22","2024-12-31"
"None","Olexandriya","UKR",1,1340.44445801,"2024-12-15","2024-12-31"
"None","St Mirren","SCO",1,1339.79174805,"2024-12-27","2024-12-29"
"None","Kayseri","TUR",1,1339.32080078,"2024-12-23","2024-12-31"
"None","Motor Lublin","POL",1,1338.46240234,"2024-12-20","2024-12-31"
"None","Waalwijk","NED",1,1338.15161133,"2024-12-21","2024-12-31"
"None","Puszcza Niepolomice","POL",1,1334.87524414,"2024-12-20","2024-12-31"
"None","FC Khimki","RUS",1,1333.9967041,"2024-12-09","2024-12-31"
"None","Varnamo","SWE",1,1333.56762695,"2024-12-20","2024-12-31"
"None","Goeteborg","SWE",1,1332.90112305,"2024-12-20","2024-12-31"
"None","Korona","POL",1,1332.84423828,"2024-12-20","2024-12-31"
"None","Aalborg","DEN",1,1332.08483887,"2024-12-20","2024-12-31"
"None","Nizhny Novgorod","RUS",1,1331.2791748,"2024-12-08","2024-12-31"
"None","Kryvbas","UKR",1,1330.46728516,"2024-12-15","2024-12-31"
"None","Viitorul","ROM",1,1329.44506836,"2024-12-22","2024-12-31"
"None","Radomiak","POL",1,1328.98864746,"2024-12-20","2024-12-31"
"None","SonderjyskE","DEN",1,1328.18664551,"2024-12-20","2024-12-31"
"None","Diosgyori","HUN",1,1327.5201416,"2024-12-15","2024-12-31"
"None","Pardubice","CZE",1,1326.80090332,"2024-12-20","2024-12-31"
"None","Varazdin","CRO",1,1326.1237793,"2024-12-23","2024-12-31"
"None","Adana Demirspor","TUR",1,1325.1517334,"2024-12-24","2024-12-31"
"None","Sandefjord","NOR",1,1324.90380859,"2024-12-20","2024-12-31"
"None","GAIS","SWE",1,1323.34448242,"2024-12-20","2024-12-31"
"None","CSKA Sofia","BUL",1,1323.30639648,"2024-12-13","2024-12-31"
"None","Klagenfurt","AUT",1,1320.05273438,"2024-12-20","2024-12-31"
"None","Dynamo Makhachkala","RUS",1,1319.73620605,"2024-12-08","2024-12-31"
"None","Grasshoppers","SUI",1,1318.39025879,"2024-12-20","2024-12-31"
"None","Haugesund","NOR",1,1318.0279541,"2024-12-20","2024-12-31"
"None","Zira","AZE",0,1317.5970459,"2024-12-13","2024-12-31"
"None","Motherwell","SCO",1,1317.30651855,"2024-12-27","2024-12-29"
"None","Norrkoeping","SWE",1,1316.66271973,"2024-12-20","2024-12-31"
"None","Dunajska","SLK",0,1316.56225586,"2024-12-12","2024-12-31"
"None","Lyngby","DEN",1,1316.43652344,"2024-12-20","2024-12-31"
"None","Karvina","CZE",1,1316.23254395,"2024-12-20","2024-12-31"
"None","KFUM Oslo","NOR",1,1315.93359375,"2024-12-20","2024-12-31"
"None","Panetolikos","GRE",1,1314.81872559,"2024-12-23","2024-12-31"
"None","Kalmar","SWE",1,1314.74023438,"2024-12-20","2024-12-31"
"None","OFI","GRE",1,1314.51245117,"2024-12-24","2024-12-31"
"None","Regensburg","GER",2,1312.74365234,"2024-12-23","2024-12-31"
"None","Dinamo Bucuresti","ROM",1,1312.4005127,"2024-12-23","2024-12-31"
"None","Bodrum","TUR",1,1310.6661377,"2024-12-23","2024-12-31"
"None","Ham-Kam","NOR",1,1309.38317871,"2024-12-20","2024-12-31"
"None","Videoton","HUN",1,1309.0925293,"2024-12-15","2024-12-31"
"None","Sabah","AZE",0,1307.12268066,"2024-12-13","2024-12-31"
"None","Dundee United","SCO",1,1306.26000977,"2024-12-27","2024-12-29"
"None","Polissya Zhytomyr","UKR",1,1306.1418457,"2024-12-16","2024-12-31"
"None","Rukh Lviv","UKR",1,1304.87744141,"2024-12-16","2024-12-31"
"None","UTA Arad","ROM",1,1302.64587402,"2024-12-24","2024-12-31"
"None","Martigues","FRA",2,1300.00646973,"2024-12-14","2024-12-31"
"None","Ujpest","HUN",1,1299.82434082,"2024-12-16","2024-12-31"
"None","Vejle","DEN",1,1298.89318848,"2024-12-20","2024-12-31"
"None","Zrinjski Mostar","BHZ",0,1298.61560059,"2024-12-20","2024-12-31"
"None","Atromitos","GRE",1,1297.8190918,"2024-12-23","2024-12-31"
"None","Yverdon Sport","SUI",1,1297.49951172,"2024-12-20","2024-12-31"
"None","Wisla","POL",0,1296.79272461,"2024-12-20","2024-12-31"
"None","Kristiansund","NOR",1,1296.0703125,"2024-12-20","2024-12-31"
"None","Brommapojkarna","SWE",1,1295.88378906,"2024-12-20","2024-12-31"
"None","Bnei Sakhinin","ISR",1,1295.49499512,"2024-12-15","2024-12-31"
"None","Backa Topola","SRB",1,1295.03149414,"2024-12-27","2024-12-31"
"None","Asteras Tripolis","GRE",1,1294.71179199,"2024-12-24","2024-12-31"
"None","Istra 1961","CRO",1,1294.2364502,"2024-12-21","2024-12-31"
"None","Sumqayit","AZE",0,1294.0402832,"2024-12-13","2024-12-31"
"None","Pyunik","ARM",0,1293.49389648,"2024-12-20","2024-12-31"
"None","Koper","SVN",1,1293.31616211,"2024-12-20","2024-12-31"
"None","MTK","HUN",1,1293.19421387,"2024-12-15","2024-12-31"
"None","Petrolul Ploiesti","ROM",1,1292.71154785,"2024-12-23","2024-12-31"
"None","Wattens","AUT",1,1291.91699219,"2024-12-20","2024-12-31"
"None","Winterthur","SUI",1,1291.75512695,"2024-12-20","2024-12-31"
"None","Zorya","UKR",1,1290.33447266,"2024-12-15","2024-12-31"
"None","Hermannstadt","ROM",1,1288.00927734,"2024-12-22","2024-12-31"
"None","Hapoel Jerusalem","ISR",1,1287.82397461,"2024-12-17","2024-12-31"
"None","Halmstad","SWE",1,1287.03283691,"2024-12-20","2024-12-31"
"None","Vaduz","LIE",0,1285.23974609,"2024-12-20","2024-12-31"
"None","Shamrock","IRL",0,1281.63647461,"2024-12-20","2024-12-31"
"None","FK Riga","LAT",0,1281.25976562,"2024-12-13","2024-12-31"
"None","Zalaegerszegi","HUN",1,1279.52600098,"2024-12-15","2024-12-31"
"None","Hatayspor","TUR",1,1277.68310547,"2024-12-24","2024-12-31"
"None","Kuopio","FIN",0,1277.19067383,"2024-12-20","2024-12-31"
"None","Altach","AUT",1,1277.10498047,"2024-12-20","2024-12-31"
"None","Novi Sad","SRB",1,1276.43188477,"2024-12-22","2024-12-31"
"None","Lechia","POL",1,1275.99267578,"2024-12-20","2024-12-31"
"None","Dundee","SCO",1,1274.36767578,"2024-12-27","2024-12-29"
"None","Slaven Belupo","CRO",1,1273.74279785,"2024-12-23","2024-12-31"
"None","NFC Volos","GRE",1,1273.51574707,"2024-12-24","2024-12-31"
"None","Lillestrom","NOR",1,1272.24829102,"2024-12-20","2024-12-31"
"None","Netanya","ISR",1,1272.09692383,"2024-12-15","2024-12-31"
"None","Maccabi Bnei Raina","ISR",1,1271.80041504,"2024-12-15","2024-12-31"
"None","Bravo","SVN",1,1271.55639648,"2024-12-20","2024-12-31"
"None","Arda","BUL",1,1271.10229492,"2024-12-13","2024-12-31"
"None","GAK","AUT",1,1270.23425293,"2024-12-20","2024-12-31"
"None","Odd Grenland","NOR",1,1268.9050293,"2024-12-20","2024-12-31"
"None","Botev Plovdiv","BUL",1,1266.6072998,"2024-12-20","2024-12-31"
"None","Otelul Galati","ROM",1,1264.83374023,"2024-12-23","2024-12-31"
"None","Panserraikos","GRE",1,1264.55163574,"2024-12-23","2024-12-31"
"None","Levadeiakos","GRE",1,1264.35913086,"2024-12-23","2024-12-31"
"None","Noah","ARM",0,1264.0534668,"2024-12-20","2024-12-31"
"None","Ashdod","ISR",1,1263.85046387,"2024-12-15","2024-12-31"
"None","Kiryat Shmona","ISR",1,1260.77575684,"2024-12-15","2024-12-31"
"None","Vikingur","ISL",0,1260.73364258,"2024-12-20","2024-12-31"
"None","St Patricks","IRL",0,1259.66601562,"2024-12-20","2024-12-31"
"None","Debrecen","HUN",1,1256.9954834,"2024-12-15","2024-12-31"
"None","RFS","LAT",0,1251.86962891,"2024-12-13","2024-12-31"
"None","Kecskemeti","HUN",1,1246.21228027,"2024-12-16","2024-12-31"
"None","HNK Gorica","CRO",1,1244.97790527,"2024-12-22","2024-12-31"
"None","Gyoer","HUN",1,1244.25524902,"2024-12-15","2024-12-31"
"None","Ross County","SCO",1,1243.91088867,"2024-12-27","2024-12-29"
"None","HJK Helsinki","FIN",0,1239.10522461,"2024-12-20","2024-12-31"
"None","Lamia","GRE",1,1238.57324219,"2024-12-22","2024-12-31"
"None","Dukla","CZE",1,1238.18103027,"2024-12-20","2024-12-31"
"None","Aktobe","KAZ",0,1237.74133301,"2024-12-20","2024-12-31"
"None","CSKA 1948 Sofia","BUL",1,1236.17883301,"2024-12-13","2024-12-31"
"None","Cukaricki","SRB",1,1234.51318359,"2024-12-23","2024-12-31"
"None","Shelbourne","IRL",0,1233.42785645,"2024-12-20","2024-12-31"
"None","St Johnstone","SCO",1,1232.28100586,"2024-12-27","2024-12-29"
"None","Kolos","UKR",1,1231.64794922,"2024-12-16","2024-12-31"
"None","Borac Banja Luka","BHZ",0,1231.2331543,"2024-12-20","2024-12-31"
"None","FK Sarajevo","BHZ",0,1230.94824219,"2024-12-20","2024-12-31"
"None","Nyiregyhaza","HUN",1,1229.71374512,"2024-12-16","2024-12-31"
"None","Ararat","ARM",0,1229.59350586,"2024-12-20","2024-12-31"
"None","Kalithea","GRE",1,1229.35620117,"2024-12-23","2024-12-31"
"None","Tobol","KAZ",0,1228.64819336,"2024-12-20","2024-12-31"
"None","Iasi","ROM",1,1226.63757324,"2024-12-24","2024-12-31"
"None","Botosani","ROM",1,1225.20568848,"2024-12-24","2024-12-31"
"None","M Petach Tikva","ISR",1,1223.91577148,"2024-12-15","2024-12-31"
"None","Kragujevac","SRB",1,1221.6652832,"2024-12-22","2024-12-31"
"None","Derry City","IRL",0,1221.51342773,"2024-12-20","2024-12-31"
"None","LNZ","UKR",1,1221.23510742,"2024-12-15","2024-12-31"
"None","Hapoel Eran Hadera","ISR",1,1219.67749023,"2024-12-15","2024-12-31"
"None","Drita","KOS",0,1217.79748535,"2024-08-30","2024-12-31"
"None","Vaesteras","SWE",1,1217.39196777,"2024-12-20","2024-12-31"
"None","Mura","SVN",1,1213.93212891,"2024-12-20","2024-12-31"
"None","Vorskla","UKR",1,1213.77233887,"2024-12-14","2024-12-31"
"None","Dinamo Minsk","BLR",0,1213.3963623,"2024-12-20","2024-12-31"
"None","Ironi Tiberias","ISR",1,1212.1574707,"2024-12-24","2024-12-31"
"None","Unirea Slobozia","ROM",1,1211.31347656,"2024-12-23","2024-12-31"
"None","Ilves Tampere","FIN",0,1208.48547363,"2024-12-20","2024-12-31"
"None","Corvinul Hunedoara","ROM",0,1207.73303223,"2024-12-13","2024-12-31"
"None","Karpaty","UKR",1,1207.68200684,"2024-12-15","2024-12-31"
"None","Zalgiris Vilnius","LIT",0,1206.70324707,"2024-08-30","2024-12-31"
"None","Veres","UKR",1,1206.64257812,"2024-12-17","2024-12-31"
"None","Banants","ARM",0,1205.81433105,"2024-12-20","2024-12-31"
"None","Breidablik","ISL",0,1203.94091797,"2024-12-20","2024-12-31"
"None","Ceske Budejovice","CZE",1,1203.88586426,"2024-12-20","2024-12-31"
"None","Ordabasy","KAZ",0,1203.40258789,"2024-12-20","2024-12-31"
"None","Radomlje","SVN",1,1203.36804199,"2024-12-20","2024-12-31"
"None","Auda","LAT",0,1199.93029785,"2024-12-13","2024-12-31"
"None","Valur","ISL",0,1196.94055176,"2024-12-20","2024-12-31"
"None","Velez Mostar","BHZ",0,1196.47045898,"2024-12-20","2024-12-31"
"None","Petrocub","MOL",0,1196.45617676,"2024-12-20","2024-12-31"
"None","Obolon Kyiv","UKR",1,1192.21472168,"2024-12-16","2024-12-31"
"None","Levski Krumovgrad","BUL",1,1191.65893555,"2024-12-13","2024-12-31"
"None","Slavia Sofia","BUL",1,1189.18652344,"2024-12-13","2024-12-31"
"None","Vaasa","FIN",0,1189.03112793,"2024-12-20","2024-12-31"
"None","Sibenik","CRO",1,1185.39001465,"2024-12-23","2024-12-31"
"None","Ballkani","KOS",0,1184.97155762,"2024-08-30","2024-12-31"
"None","Beroe Stara Zagora","BUL",1,1180.18249512,"2024-12-13","2024-12-31"
"None","Gloria Buzau","ROM",1,1178.23095703,"2024-12-22","2024-12-31"
"None","Saburtalo","GEO",0,1178.19897461,"2024-08-16","2024-12-31"
"None","Lok Plovdiv","BUL",1,1178.18127441,"2024-12-13","2024-12-31"
"None","Liepajas","LAT",0,1177.38354492,"2024-12-13","2024-12-31"
"None","Shkendija","MAC",0,1177.32739258,"2024-07-31","2024-12-31"
"None","Primorje","SVN",1,1176.31469727,"2024-12-20","2024-12-31"
"None","Milsami Orhei","MOL",0,1169.62426758,"2024-12-20","2024-12-31"
"None","Chernomorets","UKR",1,1168.57324219,"2024-12-15","2024-12-31"
"None","Livyi Bereh","UKR",1,1168.03100586,"2024-12-14","2024-12-31"
"None","Stjarnan","ISL",0,1166.4329834,"2024-12-20","2024-12-31"
"None","Torpedo Kutaisi","GEO",0,1164.16381836,"2024-08-16","2024-12-31"
"None","Mladost Lucani","SRB",1,1160.9453125,"2024-12-21","2024-12-31"
"None","Klaksvik","FAR",0,1159.95324707,"2024-08-30","2024-12-31"
"None","Partizani Tirana","ALB",0,1156.84179688,"2024-08-02","2024-12-31"
"None","Zimbru","MOL",0,1155.95031738,"2024-12-20","2024-12-31"
"None","Inhulets","UKR",1,1153.46020508,"2024-12-16","2024-12-31"
"None","Domzale","SVN",1,1148.99597168,"2024-12-20","2024-12-31"
"None","Novi Pazar","SRB",1,1147.14477539,"2024-12-21","2024-12-31"
"None","Spartak Varna","BUL",1,1145.16003418,"2024-12-13","2024-12-31"
"None","Batumi","GEO",0,1143.13012695,"2024-08-16","2024-12-31"
"None","Flora Tallinn","EST",0,1142.63122559,"2024-08-16","2024-12-31"
"None","Egnatia","ALB",0,1135.38818359,"2024-08-02","2024-12-31"
"None","Panevezys","LIT",0,1127.44165039,"2024-08-30","2024-12-31"
"None","The New Saints","WAL",0,1127.13720703,"2024-12-20","2024-12-31"
"None","TransINVEST","LIT",0,1124.7097168,"2024-08-30","2024-12-31"
"None","OFK","SRB",1,1119.74267578,"2024-12-24","2024-12-31"
"None","Vllaznia","ALB",0,1117.92810059,"2024-08-02","2024-12-31"
"None","Neman Grodno","BLR",0,1115.80456543,"2024-12-20","2024-12-31"
"None","Tikves","MAC",0,1114.75292969,"2024-07-31","2024-12-31"
"None","Tirana","ALB",0,1114.69067383,"2024-08-02","2024-12-31"
"None","Nis","SRB",1,1112.63525391,"2024-12-22","2024-12-31"
"None","Zlatibor","SRB",1,1111.68933105,"2024-12-23","2024-12-31"
"None","Zeleznicar Pancevo","SRB",1,1110.62072754,"2024-12-22","2024-12-31"
"None","Isloch","BLR",0,1107.75524902,"2024-12-20","2024-12-31"
"None","Dinamo Tbilisi","GEO",0,1106.90856934,"2024-08-16","2024-12-31"
"None","Siauliai","LIT",0,1105.91015625,"2024-08-30","2024-12-31"
"None","Linfield","NIR",0,1102.65942383,"2024-12-20","2024-12-31"
"None","Krusevac","SRB",1,1101.4954834,"2024-12-23","2024-12-31"
"None","Hamrun","MLT",0,1098.66833496,"2024-08-02","2024-12-31"
"None","IMT","SRB",1,1094.50146484,"2024-12-27","2024-12-31"
"None","Septemvri Sofia","BUL",1,1090.28881836,"2024-12-13","2024-12-31"
"None","Nafta","SVN",1,1088.9666748,"2024-12-20","2024-12-31"
"None","Lok Sofia","BUL",1,1088.68469238,"2024-12-13","2024-12-31"
"None","Struga","MAC",0,1087.32653809,"2024-07-31","2024-12-31"
"None","Mornar","MNT",0,1085.00390625,"2024-08-16","2024-12-31"
"None","Niedercorn","LUX",0,1084.9855957,"2024-08-02","2024-12-31"
"None","Decic","MNT",0,1084.34790039,"2024-08-16","2024-12-31"
"None","Dudelange","LUX",0,1081.26477051,"2024-08-02","2024-12-31"
"None","Llapi","KOS",0,1075.31604004,"2024-08-30","2024-12-31"
"None","Torpedo Zhodino","BLR",0,1075.11975098,"2024-12-20","2024-12-31"
"None","Paide Linnameeskond","EST",0,1074.60168457,"2024-08-16","2024-12-31"
"None","Crusaders","NIR",0,1074.38952637,"2024-12-20","2024-12-31"
"None","B 36 Torshavn","FAR",0,1067.34130859,"2024-08-30","2024-12-31"
"None","Una Strassen","LUX",0,1066.4753418,"2024-08-02","2024-12-31"
"None","Differdang","LUX",0,1065.87243652,"2024-08-02","2024-12-31"
"None","Gota","FAR",0,1061.19055176,"2024-08-30","2024-12-31"
"None","Malisheva","KOS",0,1059.91247559,"2024-08-30","2024-12-31"
"None","Botev Vratsa","BUL",1,1057.83190918,"2024-12-13","2024-12-31"
"None","Larne","NIR",0,1053.89489746,"2024-12-20","2024-12-31"
"None","Floriana","MLT",0,1053.81933594,"2024-08-02","2024-12-31"
"None","Hebar","BUL",1,1051.63891602,"2024-12-13","2024-12-31"
"None","HB Torshavn","FAR",0,1050.90234375,"2024-08-30","2024-12-31"
"None","Cliftonville","NIR",0,1050.16418457,"2024-12-20","2024-12-31"
"None","Marsaxlokk","MLT",0,1048.00817871,"2024-08-02","2024-12-31"
"None","FC Infonet","EST",0,1047.51000977,"2024-08-16","2024-12-31"
"None","Kalev","EST",0,1044.25756836,"2024-08-16","2024-12-31"
"None","Sliema Wanderers","MLT",0,1039.95922852,"2024-08-02","2024-12-31"
"None","Tekstilac Odzaci","SRB",1,1038.13696289,"2024-12-23","2024-12-31"
"None","Podgorica","MNT",0,1037.45458984,"2024-08-16","2024-12-31"
"None","Caernarfon Town","WAL",0,1006.66442871,"2024-12-20","2024-12-31"
"None","Bala","WAL",0,995.759460449,"2024-12-20","2024-12-31"
"None","Connahs Quay","WAL",0,995.107849121,"2024-12-20","2024-12-31"
"None","Jedinstvo Ub","SRB",1,993.407165527,"2024-12-23","2024-12-31"
"None","Escaldes","AND",0,965.057250977,"2024-08-30","2024-12-31"
"None","Lincoln","GIB",0,963.252685547,"2024-08-30","2024-12-31"
"None","St Josephs","GIB",0,907.828308105,"2024-08-30","2024-12-31"
"None","Escale","AND",0,901.204467773,"2024-08-30","2024-12-31"
"None","FCB Magpies","GIB",0,896.844543457,"2024-08-30","2024-12-31"
"None","Atletic Club Escaldes","AND",0,879.769836426,"2024-08-30","2024-12-31"
"None","SS Virtus","SMR",0,708.074829102,"2024-08-02","2024-12-31"
"None","Tre Penne","SMR",0,695.420898438,"2024-08-02","2024-12-31"
"None","La Fiorita","SMR",0,690.110168457,"2024-08-02","2024-12-31"
